/*
Navicat Oracle Data Transfer
Oracle Client Version : 11.2.0.1.0

Source Server         : oracle
Source Server Version : 110200
Source Host           : localhosts:1521
Source Schema         : SCOTT

Target Server Type    : ORACLE
Target Server Version : 110200
File Encoding         : 65001

Date: 2017-09-27 02:20:06
*/


-- ----------------------------
-- Table structure for LMS_ADMIN
-- ----------------------------
DROP TABLE "SCOTT"."LMS_ADMIN";
CREATE TABLE "SCOTT"."LMS_ADMIN" (
"ID" NUMBER(10) NOT NULL ,
"USERNAME" VARCHAR2(20 BYTE) NULL ,
"PASSWORD" VARCHAR2(20 BYTE) NULL ,
"MAIL" VARCHAR2(20 BYTE) NULL ,
"PHONE" NUMBER(20) NULL ,
"RIGHT" NUMBER(10) DEFAULT 1  NULL 
)
LOGGING
NOCOMPRESS
NOCACHE

;

-- ----------------------------
-- Records of LMS_ADMIN
-- ----------------------------
INSERT INTO "SCOTT"."LMS_ADMIN" VALUES ('2304', 'adminname22', '123456', '22@qq.com', '2212345', '1');
INSERT INTO "SCOTT"."LMS_ADMIN" VALUES ('2305', 'adminname31', '123456', '31@qq.com', '3112345', '2');
INSERT INTO "SCOTT"."LMS_ADMIN" VALUES ('2306', 'adminname32', '123456', '32@qq.com', '3212345', '2');
INSERT INTO "SCOTT"."LMS_ADMIN" VALUES ('2307', 'adminname41', '123456', '41@qq.com', '4112345', '3');
INSERT INTO "SCOTT"."LMS_ADMIN" VALUES ('2308', 'adminname42', '123456', '42@qq.com', '4212345', '3');
INSERT INTO "SCOTT"."LMS_ADMIN" VALUES ('2309', 'adminname51', '123456', '51@qq.com', '5112345', '4');
INSERT INTO "SCOTT"."LMS_ADMIN" VALUES ('2301', 'adminname11', '123456', '11@qq.com', '1112345', '0');
INSERT INTO "SCOTT"."LMS_ADMIN" VALUES ('2302', 'adminname12', '123456', '12@qq.com', '1212345', '0');
INSERT INTO "SCOTT"."LMS_ADMIN" VALUES ('2303', 'adminname21', '123456', '21@qq.com', '2112345', '1');
INSERT INTO "SCOTT"."LMS_ADMIN" VALUES ('2310', 'adminname52', '123456', '52@qq.com', '5212345', '4');
INSERT INTO "SCOTT"."LMS_ADMIN" VALUES ('2311', 'adminname61', '123456', '61@qq.com', '6112345', '5');
INSERT INTO "SCOTT"."LMS_ADMIN" VALUES ('2312', 'adminname62', '123456', '62@qq.com', '6212345', '5');
INSERT INTO "SCOTT"."LMS_ADMIN" VALUES ('2314', 'adminname72', '123456', '72@qq.com', '7212345', '6');
INSERT INTO "SCOTT"."LMS_ADMIN" VALUES ('2315', 'adminname81', '123456', '81@qq.com', '8112345', '7');
INSERT INTO "SCOTT"."LMS_ADMIN" VALUES ('2316', 'adminname82', '123456', '82@qq.com', '8212345', '7');
INSERT INTO "SCOTT"."LMS_ADMIN" VALUES ('2313', 'adminname71', '123456', '71@qq.com', '7112345', '6');

-- ----------------------------
-- Table structure for LMS_CENTERPRODUCT_EXPORT
-- ----------------------------
DROP TABLE "SCOTT"."LMS_CENTERPRODUCT_EXPORT";
CREATE TABLE "SCOTT"."LMS_CENTERPRODUCT_EXPORT" (
"id" NUMBER NOT NULL ,
"export_no" NUMBER NULL ,
"datetime" DATE NULL ,
"LMS_Supplier_id" NUMBER(10) NULL 
)
LOGGING
NOCOMPRESS
NOCACHE

;

-- ----------------------------
-- Records of LMS_CENTERPRODUCT_EXPORT
-- ----------------------------
INSERT INTO "SCOTT"."LMS_CENTERPRODUCT_EXPORT" VALUES ('2401', '3101', TO_DATE('2017-09-05 22:36:58', 'YYYY-MM-DD HH24:MI:SS'), '2101');
INSERT INTO "SCOTT"."LMS_CENTERPRODUCT_EXPORT" VALUES ('2402', '3102', TO_DATE('2017-09-12 22:37:05', 'YYYY-MM-DD HH24:MI:SS'), '2102');

-- ----------------------------
-- Table structure for LMS_CENTERPRODUCT_EXPORT_ITEM
-- ----------------------------
DROP TABLE "SCOTT"."LMS_CENTERPRODUCT_EXPORT_ITEM";
CREATE TABLE "SCOTT"."LMS_CENTERPRODUCT_EXPORT_ITEM" (
"id" NUMBER(20) NOT NULL ,
"count" NUMBER(20) NULL ,
"description" VARCHAR2(255 BYTE) NULL ,
"LMS_Product_Export_id" NUMBER(20) NULL ,
"LMS_Product_id" NUMBER(20) NULL 
)
LOGGING
NOCOMPRESS
NOCACHE

;

-- ----------------------------
-- Records of LMS_CENTERPRODUCT_EXPORT_ITEM
-- ----------------------------
INSERT INTO "SCOTT"."LMS_CENTERPRODUCT_EXPORT_ITEM" VALUES ('2501', '100', '出货细目1', '2401', '701');
INSERT INTO "SCOTT"."LMS_CENTERPRODUCT_EXPORT_ITEM" VALUES ('2502', '200', '出货细目2', '2401', '702');

-- ----------------------------
-- Table structure for LMS_COMMODITY_RECEIPT
-- ----------------------------
DROP TABLE "SCOTT"."LMS_COMMODITY_RECEIPT";
CREATE TABLE "SCOTT"."LMS_COMMODITY_RECEIPT" (
"ID" NUMBER(20) NOT NULL ,
"TASK_NUMBER" NUMBER(10) NULL ,
"CUNTOMER_ID" NUMBER(10) NULL ,
"ADDRESS" VARCHAR2(100 BYTE) NULL ,
"DATETIME" DATE NULL ,
"COMMAND" VARCHAR2(100 BYTE) NULL ,
"IF_RECEIPT" NUMBER(10) NULL ,
"STATION_ID" NUMBER(10) NULL ,
"TOTAL_PRICE" NUMBER(9,2) NULL ,
"TYPE" NUMBER(10) NULL ,
"DESCRIPTION" VARCHAR2(500 BYTE) NULL ,
"FEEDBACK" VARCHAR2(200 BYTE) NULL ,
"SIGNATURE" VARCHAR2(50 BYTE) NULL 
)
LOGGING
NOCOMPRESS
NOCACHE

;

-- ----------------------------
-- Records of LMS_COMMODITY_RECEIPT
-- ----------------------------
INSERT INTO "SCOTT"."LMS_COMMODITY_RECEIPT" VALUES ('2601', '2201', '2801', '广东广州黄浦区101号', TO_DATE('2017-09-14 00:37:52', 'YYYY-MM-DD HH24:MI:SS'), '送货请求1', '1', '1701', '10000', '1', '收据描述1', '很好1', '客户名1');
INSERT INTO "SCOTT"."LMS_COMMODITY_RECEIPT" VALUES ('2602', '2202', '2802', '广东广州天河区321号', TO_DATE('2017-09-15 00:38:09', 'YYYY-MM-DD HH24:MI:SS'), '送货请求2', '1', '1702', '20000', '1', '收据描述2', '很好2', '客户名2');

-- ----------------------------
-- Table structure for LMS_COMMODITY_RECEIPT_ITEM
-- ----------------------------
DROP TABLE "SCOTT"."LMS_COMMODITY_RECEIPT_ITEM";
CREATE TABLE "SCOTT"."LMS_COMMODITY_RECEIPT_ITEM" (
"ID" NUMBER(10) NOT NULL ,
"COUNT" NUMBER(10) NULL ,
"PRICE" NUMBER(10) NULL ,
"SUBPRICE" NUMBER(10) NULL ,
"COMMODITY_RECEIPT_ID" NUMBER(10) NULL ,
"PRODUCT_ID" NUMBER(10) NULL 
)
LOGGING
NOCOMPRESS
NOCACHE

;

-- ----------------------------
-- Records of LMS_COMMODITY_RECEIPT_ITEM
-- ----------------------------
INSERT INTO "SCOTT"."LMS_COMMODITY_RECEIPT_ITEM" VALUES ('2701', '100', '71', '111', '2601', '701');
INSERT INTO "SCOTT"."LMS_COMMODITY_RECEIPT_ITEM" VALUES ('2702', '200', '72', '222', '2602', '702');

-- ----------------------------
-- Table structure for LMS_CUSTOMER
-- ----------------------------
DROP TABLE "SCOTT"."LMS_CUSTOMER";
CREATE TABLE "SCOTT"."LMS_CUSTOMER" (
"ID" NUMBER(10) NOT NULL ,
"NAME" VARCHAR2(20 BYTE) NULL ,
"IDENTITY_ID" VARCHAR2(20 BYTE) NULL ,
"WORK_UNIT" VARCHAR2(20 BYTE) NULL ,
"PHONE_EXT" VARCHAR2(20 BYTE) NULL ,
"MOBILE_PHONE" VARCHAR2(20 BYTE) NULL ,
"ADDRESS" VARCHAR2(50 BYTE) NULL ,
"POST_CODE" NUMBER(10) NULL ,
"MAIL" VARCHAR2(50 BYTE) NULL ,
"STATUS" NUMBER(10) NULL 
)
LOGGING
NOCOMPRESS
NOCACHE

;

-- ----------------------------
-- Records of LMS_CUSTOMER
-- ----------------------------
INSERT INTO "SCOTT"."LMS_CUSTOMER" VALUES ('2801', '客户名1', '441875 88888', '广东AA制药有限公司', '0756-661234', '1581491234', '广东广州黄浦区101号', '55601', 'customer1@qq.com', '1');
INSERT INTO "SCOTT"."LMS_CUSTOMER" VALUES ('2802', '客户名2', '331956 66666', '广东BB食品有限公司', '0810-551324', '1324123456', '广东广州天河区321号', '66324', 'custonmer2@qq.com', '1');

-- ----------------------------
-- Table structure for LMS_DELIVERY_STAFF
-- ----------------------------
DROP TABLE "SCOTT"."LMS_DELIVERY_STAFF";
CREATE TABLE "SCOTT"."LMS_DELIVERY_STAFF" (
"ID" NUMBER(10) NOT NULL ,
"NAME" VARCHAR2(20 BYTE) NULL ,
"PHONE" NUMBER(20) NULL ,
"STATION_ID" NUMBER(10) NULL 
)
LOGGING
NOCOMPRESS
NOCACHE

;

-- ----------------------------
-- Records of LMS_DELIVERY_STAFF
-- ----------------------------
INSERT INTO "SCOTT"."LMS_DELIVERY_STAFF" VALUES ('2901', 'delivery1', '168168168168', '1701');
INSERT INTO "SCOTT"."LMS_DELIVERY_STAFF" VALUES ('2902', 'delivery2', '178178178178', '1702');

-- ----------------------------
-- Table structure for LMS_FIRST_CATEGORY
-- ----------------------------
DROP TABLE "SCOTT"."LMS_FIRST_CATEGORY";
CREATE TABLE "SCOTT"."LMS_FIRST_CATEGORY" (
"ID" NUMBER(10) NOT NULL ,
"NAME" VARCHAR2(20 BYTE) NULL ,
"DESCRIPTION" VARCHAR2(200 BYTE) NULL 
)
LOGGING
NOCOMPRESS
NOCACHE

;

-- ----------------------------
-- Records of LMS_FIRST_CATEGORY
-- ----------------------------
INSERT INTO "SCOTT"."LMS_FIRST_CATEGORY" VALUES ('3001', 'first_category1', 'first_category1描述');
INSERT INTO "SCOTT"."LMS_FIRST_CATEGORY" VALUES ('3002', 'first_category2', 'first_category2描述');
INSERT INTO "SCOTT"."LMS_FIRST_CATEGORY" VALUES ('3', '3', '3');
INSERT INTO "SCOTT"."LMS_FIRST_CATEGORY" VALUES ('4', '4', '4');
INSERT INTO "SCOTT"."LMS_FIRST_CATEGORY" VALUES ('5', '5', '5');
INSERT INTO "SCOTT"."LMS_FIRST_CATEGORY" VALUES ('6', '6', '6');
INSERT INTO "SCOTT"."LMS_FIRST_CATEGORY" VALUES ('7', '7', '7');
INSERT INTO "SCOTT"."LMS_FIRST_CATEGORY" VALUES ('8', '8', '8');
INSERT INTO "SCOTT"."LMS_FIRST_CATEGORY" VALUES ('9', '9', '9');
INSERT INTO "SCOTT"."LMS_FIRST_CATEGORY" VALUES ('10', '10', '10');

-- ----------------------------
-- Table structure for LMS_ORDER
-- ----------------------------
DROP TABLE "SCOTT"."LMS_ORDER";
CREATE TABLE "SCOTT"."LMS_ORDER" (
"id" NUMBER NOT NULL ,
"total_price" NUMBER(9,2) NULL ,
"order_number" NUMBER NULL ,
"description" VARCHAR2(255 BYTE) NULL ,
"type" NUMBER NULL ,
"address" VARCHAR2(100 BYTE) NULL ,
"LMS_Customer_id" NUMBER NULL ,
"payer" VARCHAR2(45 BYTE) NULL ,
"payer_address" VARCHAR2(100 BYTE) NULL ,
"payer_phone" NUMBER NULL ,
"payer_post_code" NUMBER NULL ,
"datetime" DATE NULL ,
"LMS_Admin_id" NUMBER NULL 
)
LOGGING
NOCOMPRESS
NOCACHE

;

-- ----------------------------
-- Records of LMS_ORDER
-- ----------------------------
INSERT INTO "SCOTT"."LMS_ORDER" VALUES ('201', '11', '111', '订单1', '0', '地址1', '2801', '客户名1', '广东广州黄浦区101号', '1581491234', '55601', TO_DATE('2017-09-01 15:39:29', 'YYYY-MM-DD HH24:MI:SS'), '2301');
INSERT INTO "SCOTT"."LMS_ORDER" VALUES ('202', '12', '222', '订单2', '0', '地址2', '2802', '客户名2', '广东广州天河区321号', '1324123456', '66324', TO_DATE('2017-09-02 15:41:05', 'YYYY-MM-DD HH24:MI:SS'), '2302');
INSERT INTO "SCOTT"."LMS_ORDER" VALUES ('203', '13', '333', '订单3', '0', '地址3', '3', '3', '3', '3', '3', TO_DATE('2017-09-03 15:41:09', 'YYYY-MM-DD HH24:MI:SS'), '3');
INSERT INTO "SCOTT"."LMS_ORDER" VALUES ('204', '14', '444', '订单4', '0', '地址4', '4', '4', '4', '4', '4', TO_DATE('2017-08-04 15:41:13', 'YYYY-MM-DD HH24:MI:SS'), '4');
INSERT INTO "SCOTT"."LMS_ORDER" VALUES ('205', '15', '555', '订单5', '4', '地址5', '5', '5', '5', '5', '5', TO_DATE('2017-08-05 15:41:17', 'YYYY-MM-DD HH24:MI:SS'), '5');
INSERT INTO "SCOTT"."LMS_ORDER" VALUES ('206', '16', '666', '订单6', '0', '地址6', '6', '6', '6', '6', '6', TO_DATE('2017-08-06 15:41:22', 'YYYY-MM-DD HH24:MI:SS'), '6');
INSERT INTO "SCOTT"."LMS_ORDER" VALUES ('207', '17', '777', '订单7', '1', '地址7', '7', '7', '7', '7', '7', TO_DATE('2017-09-07 15:41:25', 'YYYY-MM-DD HH24:MI:SS'), '7');
INSERT INTO "SCOTT"."LMS_ORDER" VALUES ('208', '18', '888', '订单8', '2', '地址8', '8', '8', '8', '8', '8', TO_DATE('2017-09-08 15:41:29', 'YYYY-MM-DD HH24:MI:SS'), '8');
INSERT INTO "SCOTT"."LMS_ORDER" VALUES ('209', '19', '999', '订单9', '3', '地址9', '9', '9', '9', '9', '9', TO_DATE('2017-09-09 15:41:32', 'YYYY-MM-DD HH24:MI:SS'), '9');
INSERT INTO "SCOTT"."LMS_ORDER" VALUES ('210', '20', '1000', '订单10', '4', '地址10', '10', '0', '0', '0', '0', TO_DATE('2017-09-10 15:40:59', 'YYYY-MM-DD HH24:MI:SS'), '10');

-- ----------------------------
-- Table structure for LMS_ORDER_BACK
-- ----------------------------
DROP TABLE "SCOTT"."LMS_ORDER_BACK";
CREATE TABLE "SCOTT"."LMS_ORDER_BACK" (
"id" NUMBER(20) NOT NULL ,
"reason" VARCHAR2(255 BYTE) NULL ,
"datetime" DATE NULL ,
"LMS_Order_id" NUMBER(20) NULL 
)
LOGGING
NOCOMPRESS
NOCACHE

;
COMMENT ON COLUMN "SCOTT"."LMS_ORDER_BACK"."id" IS '库房退货ID';
COMMENT ON COLUMN "SCOTT"."LMS_ORDER_BACK"."reason" IS '退货原因';
COMMENT ON COLUMN "SCOTT"."LMS_ORDER_BACK"."datetime" IS '退货时间';
COMMENT ON COLUMN "SCOTT"."LMS_ORDER_BACK"."LMS_Order_id" IS '订单ID';

-- ----------------------------
-- Records of LMS_ORDER_BACK
-- ----------------------------
INSERT INTO "SCOTT"."LMS_ORDER_BACK" VALUES ('301', '退订原因1', TO_DATE('2017-08-07 15:41:53', 'YYYY-MM-DD HH24:MI:SS'), '201');
INSERT INTO "SCOTT"."LMS_ORDER_BACK" VALUES ('302', '退订原因2', TO_DATE('2017-09-08 15:42:29', 'YYYY-MM-DD HH24:MI:SS'), '202');
INSERT INTO "SCOTT"."LMS_ORDER_BACK" VALUES ('303', '退订原因3', TO_DATE('2017-09-09 15:42:33', 'YYYY-MM-DD HH24:MI:SS'), '203');
INSERT INTO "SCOTT"."LMS_ORDER_BACK" VALUES ('304', '退订原因4', TO_DATE('2017-09-10 15:42:37', 'YYYY-MM-DD HH24:MI:SS'), '204');
INSERT INTO "SCOTT"."LMS_ORDER_BACK" VALUES ('305', '退订原因5', TO_DATE('2017-09-11 15:42:10', 'YYYY-MM-DD HH24:MI:SS'), '205');
INSERT INTO "SCOTT"."LMS_ORDER_BACK" VALUES ('306', '退订原因6', TO_DATE('2017-09-12 15:42:40', 'YYYY-MM-DD HH24:MI:SS'), '206');
INSERT INTO "SCOTT"."LMS_ORDER_BACK" VALUES ('307', '退订原因7', TO_DATE('2017-09-13 15:42:43', 'YYYY-MM-DD HH24:MI:SS'), '207');
INSERT INTO "SCOTT"."LMS_ORDER_BACK" VALUES ('308', '退订原因8', TO_DATE('2017-09-14 15:42:46', 'YYYY-MM-DD HH24:MI:SS'), '208');
INSERT INTO "SCOTT"."LMS_ORDER_BACK" VALUES ('309', '退订原因9', TO_DATE('2017-08-15 15:42:50', 'YYYY-MM-DD HH24:MI:SS'), '209');
INSERT INTO "SCOTT"."LMS_ORDER_BACK" VALUES ('310', '退订原因10', TO_DATE('2017-09-16 15:42:52', 'YYYY-MM-DD HH24:MI:SS'), '210');

-- ----------------------------
-- Table structure for LMS_ORDER_ITEM
-- ----------------------------
DROP TABLE "SCOTT"."LMS_ORDER_ITEM";
CREATE TABLE "SCOTT"."LMS_ORDER_ITEM" (
"id" NUMBER(10) NOT NULL ,
"LMS_Order_id" NUMBER NULL ,
"LMS_Product_id" NUMBER NULL ,
"count" NUMBER NULL ,
"price" NUMBER(7,2) NULL ,
"discount" NUMBER(3,2) NULL ,
"subprice" NUMBER(9,2) NULL ,
"product_description" VARCHAR2(200 BYTE) NULL 
)
LOGGING
NOCOMPRESS
NOCACHE

;
COMMENT ON COLUMN "SCOTT"."LMS_ORDER_ITEM"."id" IS '订单项目表ID';
COMMENT ON COLUMN "SCOTT"."LMS_ORDER_ITEM"."LMS_Order_id" IS '订单ID';
COMMENT ON COLUMN "SCOTT"."LMS_ORDER_ITEM"."LMS_Product_id" IS '商品ID';
COMMENT ON COLUMN "SCOTT"."LMS_ORDER_ITEM"."count" IS '数量';
COMMENT ON COLUMN "SCOTT"."LMS_ORDER_ITEM"."price" IS '单价';
COMMENT ON COLUMN "SCOTT"."LMS_ORDER_ITEM"."discount" IS '折扣';
COMMENT ON COLUMN "SCOTT"."LMS_ORDER_ITEM"."subprice" IS '现价';
COMMENT ON COLUMN "SCOTT"."LMS_ORDER_ITEM"."product_description" IS '商品信息描述';

-- ----------------------------
-- Records of LMS_ORDER_ITEM
-- ----------------------------
INSERT INTO "SCOTT"."LMS_ORDER_ITEM" VALUES ('401', '201', '701', '21', '50', '0', '50', '订单项目1');
INSERT INTO "SCOTT"."LMS_ORDER_ITEM" VALUES ('402', '202', '702', '22', '51', '1', '5.10', '订单项目2');
INSERT INTO "SCOTT"."LMS_ORDER_ITEM" VALUES ('403', '203', '703', '23', '52', '2', '10.40', '订单项目3');
INSERT INTO "SCOTT"."LMS_ORDER_ITEM" VALUES ('404', '204', '704', '24', '53', '3', '15.90', '订单项目4');
INSERT INTO "SCOTT"."LMS_ORDER_ITEM" VALUES ('405', '205', '705', '25', '54', '4', '21.60', '订单项目5');
INSERT INTO "SCOTT"."LMS_ORDER_ITEM" VALUES ('406', '206', '706', '26', '55', '5', '27.50', '订单项目6');
INSERT INTO "SCOTT"."LMS_ORDER_ITEM" VALUES ('407', '207', '707', '27', '56', '6', '33.60', '订单项目7');
INSERT INTO "SCOTT"."LMS_ORDER_ITEM" VALUES ('408', '208', '708', '28', '57', '7', '39.90', '订单项目8');
INSERT INTO "SCOTT"."LMS_ORDER_ITEM" VALUES ('409', '209', '709', '29', '58', '8', '46.40', '订单项目9');
INSERT INTO "SCOTT"."LMS_ORDER_ITEM" VALUES ('410', '210', '710', '30', '59', '9', '53.10', '订单项目10');

-- ----------------------------
-- Table structure for LMS_ORDER_PRODUCT_BACK
-- ----------------------------
DROP TABLE "SCOTT"."LMS_ORDER_PRODUCT_BACK";
CREATE TABLE "SCOTT"."LMS_ORDER_PRODUCT_BACK" (
"id" NUMBER(10) NOT NULL ,
"reason" VARCHAR2(255 BYTE) NULL ,
"datetime" DATE NULL ,
"count" NUMBER NULL ,
"LMS_Order_id" NUMBER NULL ,
"LMS_Product_id" NUMBER NULL 
)
LOGGING
NOCOMPRESS
NOCACHE

;
COMMENT ON COLUMN "SCOTT"."LMS_ORDER_PRODUCT_BACK"."id" IS '退货单ID';
COMMENT ON COLUMN "SCOTT"."LMS_ORDER_PRODUCT_BACK"."reason" IS '退货原因';
COMMENT ON COLUMN "SCOTT"."LMS_ORDER_PRODUCT_BACK"."datetime" IS '退货日期';
COMMENT ON COLUMN "SCOTT"."LMS_ORDER_PRODUCT_BACK"."count" IS '退货数量';
COMMENT ON COLUMN "SCOTT"."LMS_ORDER_PRODUCT_BACK"."LMS_Order_id" IS '订单ID';
COMMENT ON COLUMN "SCOTT"."LMS_ORDER_PRODUCT_BACK"."LMS_Product_id" IS '商品ID';

-- ----------------------------
-- Records of LMS_ORDER_PRODUCT_BACK
-- ----------------------------
INSERT INTO "SCOTT"."LMS_ORDER_PRODUCT_BACK" VALUES ('501', '退货原因1', TO_DATE('2017-09-05 15:44:25', 'YYYY-MM-DD HH24:MI:SS'), '1', '201', '701');
INSERT INTO "SCOTT"."LMS_ORDER_PRODUCT_BACK" VALUES ('502', '退货原因2', TO_DATE('2017-09-06 15:45:31', 'YYYY-MM-DD HH24:MI:SS'), '1', '202', '702');
INSERT INTO "SCOTT"."LMS_ORDER_PRODUCT_BACK" VALUES ('503', '退货原因3', TO_DATE('2017-09-07 15:45:34', 'YYYY-MM-DD HH24:MI:SS'), '1', '203', '703');
INSERT INTO "SCOTT"."LMS_ORDER_PRODUCT_BACK" VALUES ('504', '退货原因4', TO_DATE('2017-09-08 15:45:37', 'YYYY-MM-DD HH24:MI:SS'), '1', '204', '704');
INSERT INTO "SCOTT"."LMS_ORDER_PRODUCT_BACK" VALUES ('505', '退货原因5', TO_DATE('2017-09-09 15:45:40', 'YYYY-MM-DD HH24:MI:SS'), '1', '205', '705');
INSERT INTO "SCOTT"."LMS_ORDER_PRODUCT_BACK" VALUES ('506', '退货原因6', TO_DATE('2017-09-10 15:45:43', 'YYYY-MM-DD HH24:MI:SS'), '1', '206', '706');
INSERT INTO "SCOTT"."LMS_ORDER_PRODUCT_BACK" VALUES ('507', '退货原因7', TO_DATE('2017-09-11 15:45:48', 'YYYY-MM-DD HH24:MI:SS'), '1', '207', '707');
INSERT INTO "SCOTT"."LMS_ORDER_PRODUCT_BACK" VALUES ('508', '退货原因8', TO_DATE('2017-09-12 15:45:51', 'YYYY-MM-DD HH24:MI:SS'), '1', '208', '708');
INSERT INTO "SCOTT"."LMS_ORDER_PRODUCT_BACK" VALUES ('509', '退货原因9', TO_DATE('2017-09-13 15:45:53', 'YYYY-MM-DD HH24:MI:SS'), '1', '209', '709');
INSERT INTO "SCOTT"."LMS_ORDER_PRODUCT_BACK" VALUES ('510', '退货原因10', TO_DATE('2017-09-14 15:45:58', 'YYYY-MM-DD HH24:MI:SS'), '1', '210', '710');

-- ----------------------------
-- Table structure for LMS_ORDER_PRODUCT_EXCHANGE
-- ----------------------------
DROP TABLE "SCOTT"."LMS_ORDER_PRODUCT_EXCHANGE";
CREATE TABLE "SCOTT"."LMS_ORDER_PRODUCT_EXCHANGE" (
"id" NUMBER NOT NULL ,
"reason" VARCHAR2(255 BYTE) NULL ,
"datetime" DATE NULL ,
"count" NUMBER NULL ,
"LMS_Order_id" NUMBER NULL ,
"LMS_Product_id" NUMBER NULL 
)
LOGGING
NOCOMPRESS
NOCACHE

;
COMMENT ON COLUMN "SCOTT"."LMS_ORDER_PRODUCT_EXCHANGE"."id" IS '换货订单ID';
COMMENT ON COLUMN "SCOTT"."LMS_ORDER_PRODUCT_EXCHANGE"."reason" IS '换货原因';
COMMENT ON COLUMN "SCOTT"."LMS_ORDER_PRODUCT_EXCHANGE"."datetime" IS '换货日期';
COMMENT ON COLUMN "SCOTT"."LMS_ORDER_PRODUCT_EXCHANGE"."count" IS '数量';
COMMENT ON COLUMN "SCOTT"."LMS_ORDER_PRODUCT_EXCHANGE"."LMS_Order_id" IS '订单ID';
COMMENT ON COLUMN "SCOTT"."LMS_ORDER_PRODUCT_EXCHANGE"."LMS_Product_id" IS '商品ID';

-- ----------------------------
-- Records of LMS_ORDER_PRODUCT_EXCHANGE
-- ----------------------------
INSERT INTO "SCOTT"."LMS_ORDER_PRODUCT_EXCHANGE" VALUES ('601', '换货原因1', TO_DATE('2017-09-03 16:09:51', 'YYYY-MM-DD HH24:MI:SS'), '1', '201', '701');
INSERT INTO "SCOTT"."LMS_ORDER_PRODUCT_EXCHANGE" VALUES ('602', '换货原因2', TO_DATE('2017-09-04 16:09:54', 'YYYY-MM-DD HH24:MI:SS'), '1', '202', '702');
INSERT INTO "SCOTT"."LMS_ORDER_PRODUCT_EXCHANGE" VALUES ('603', '换货原因3', TO_DATE('2017-09-05 16:09:57', 'YYYY-MM-DD HH24:MI:SS'), '1', '203', '703');
INSERT INTO "SCOTT"."LMS_ORDER_PRODUCT_EXCHANGE" VALUES ('604', '换货原因4', TO_DATE('2017-09-06 16:10:00', 'YYYY-MM-DD HH24:MI:SS'), '1', '204', '704');
INSERT INTO "SCOTT"."LMS_ORDER_PRODUCT_EXCHANGE" VALUES ('605', '换货原因5', TO_DATE('2017-09-07 16:10:03', 'YYYY-MM-DD HH24:MI:SS'), '1', '205', '705');
INSERT INTO "SCOTT"."LMS_ORDER_PRODUCT_EXCHANGE" VALUES ('606', '换货原因6', TO_DATE('2017-08-08 16:10:06', 'YYYY-MM-DD HH24:MI:SS'), '1', '206', '706');
INSERT INTO "SCOTT"."LMS_ORDER_PRODUCT_EXCHANGE" VALUES ('607', '换货原因7', TO_DATE('2017-09-09 16:10:09', 'YYYY-MM-DD HH24:MI:SS'), '1', '207', '707');
INSERT INTO "SCOTT"."LMS_ORDER_PRODUCT_EXCHANGE" VALUES ('608', '换货原因8', TO_DATE('2017-09-10 16:10:12', 'YYYY-MM-DD HH24:MI:SS'), '1', '208', '708');
INSERT INTO "SCOTT"."LMS_ORDER_PRODUCT_EXCHANGE" VALUES ('609', '换货原因9', TO_DATE('2017-09-11 16:10:16', 'YYYY-MM-DD HH24:MI:SS'), '1', '209', '709');
INSERT INTO "SCOTT"."LMS_ORDER_PRODUCT_EXCHANGE" VALUES ('610', '换货原因10', TO_DATE('2017-09-12 16:10:19', 'YYYY-MM-DD HH24:MI:SS'), '1', '210', '710');

-- ----------------------------
-- Table structure for LMS_PRODUCT
-- ----------------------------
DROP TABLE "SCOTT"."LMS_PRODUCT";
CREATE TABLE "SCOTT"."LMS_PRODUCT" (
"id" NUMBER(10) NOT NULL ,
"name" VARCHAR2(40 BYTE) NULL ,
"price" NUMBER(10,2) NULL ,
"unit" VARCHAR2(10 BYTE) NULL ,
"LMS_Second_Category_id" NUMBER NULL ,
"discount" NUMBER(5,2) NULL ,
"cost" NUMBER(10,2) NULL ,
"size" VARCHAR2(45 BYTE) NULL ,
"LMS_Supplier_id" NUMBER NULL ,
"quality_period" VARCHAR2(45 BYTE) NULL ,
"if_back" NUMBER NULL ,
"if_exchange" NUMBER NULL ,
"description" VARCHAR2(255 BYTE) NULL 
)
LOGGING
NOCOMPRESS
NOCACHE

;
COMMENT ON COLUMN "SCOTT"."LMS_PRODUCT"."id" IS '商品ID';
COMMENT ON COLUMN "SCOTT"."LMS_PRODUCT"."name" IS '商品名称';
COMMENT ON COLUMN "SCOTT"."LMS_PRODUCT"."price" IS '商品单价';
COMMENT ON COLUMN "SCOTT"."LMS_PRODUCT"."unit" IS '计量单位';
COMMENT ON COLUMN "SCOTT"."LMS_PRODUCT"."LMS_Second_Category_id" IS '商品二级分类ID';
COMMENT ON COLUMN "SCOTT"."LMS_PRODUCT"."discount" IS '折扣';
COMMENT ON COLUMN "SCOTT"."LMS_PRODUCT"."cost" IS '成本';
COMMENT ON COLUMN "SCOTT"."LMS_PRODUCT"."size" IS '数量';
COMMENT ON COLUMN "SCOTT"."LMS_PRODUCT"."LMS_Supplier_id" IS '供应商id';
COMMENT ON COLUMN "SCOTT"."LMS_PRODUCT"."quality_period" IS '质量';
COMMENT ON COLUMN "SCOTT"."LMS_PRODUCT"."if_back" IS '是否退货';
COMMENT ON COLUMN "SCOTT"."LMS_PRODUCT"."if_exchange" IS '是否换货';
COMMENT ON COLUMN "SCOTT"."LMS_PRODUCT"."description" IS '商品描述';

-- ----------------------------
-- Records of LMS_PRODUCT
-- ----------------------------
INSERT INTO "SCOTT"."LMS_PRODUCT" VALUES ('701', '商品名1', '71', 'kg', '1601', '0', '100', '型号1', '2101', '中等', '1', '1', '产品相关描述1');
INSERT INTO "SCOTT"."LMS_PRODUCT" VALUES ('702', '商品名2', '72', 'kg', '1602', '1', '200', '型号2', '2102', '优', '1', '1', '产品相关描述2');
INSERT INTO "SCOTT"."LMS_PRODUCT" VALUES ('703', '商品名3', '73', 'kg', '253', '2', '2', '2', '2', '差', '2', '2', '2');
INSERT INTO "SCOTT"."LMS_PRODUCT" VALUES ('704', '商品名4', '74', 'kg', '254', '3', '3', '3', '3', '3', '3', '3', '3');
INSERT INTO "SCOTT"."LMS_PRODUCT" VALUES ('705', '商品名5', '75', 'kg', '255', '4', '4', '4', '4', '4', '4', '4', '4');
INSERT INTO "SCOTT"."LMS_PRODUCT" VALUES ('706', '商品名6', '76', 'kg', '256', '5', '5', '5', '5', '5', '5', '5', '5');
INSERT INTO "SCOTT"."LMS_PRODUCT" VALUES ('707', '商品名7', '77', 'kg', '257', '6', '6', '6', '6', '6', '6', '6', '6');
INSERT INTO "SCOTT"."LMS_PRODUCT" VALUES ('708', '商品名8', '78', 'kg', '258', '7', '7', '7', '7', '7', '7', '7', '7');
INSERT INTO "SCOTT"."LMS_PRODUCT" VALUES ('709', '商品名9', '79', 'kg', '259', '8', '8', '8', '8', '8', '8', '8', '8');
INSERT INTO "SCOTT"."LMS_PRODUCT" VALUES ('710', '商品名10', '80', 'kg', '260', '9', '9', '9', '9', '9', '9', '9', '9');

-- ----------------------------
-- Table structure for LMS_PRODUCT_EXPORT
-- ----------------------------
DROP TABLE "SCOTT"."LMS_PRODUCT_EXPORT";
CREATE TABLE "SCOTT"."LMS_PRODUCT_EXPORT" (
"id" NUMBER NOT NULL ,
"transport" VARCHAR2(45 BYTE) NULL ,
"description" VARCHAR2(255 BYTE) NULL ,
"total_count" NUMBER NULL ,
"total_price" NUMBER(9,2) NULL ,
"datetime" DATE NULL 
)
LOGGING
NOCOMPRESS
NOCACHE

;

-- ----------------------------
-- Records of LMS_PRODUCT_EXPORT
-- ----------------------------
INSERT INTO "SCOTT"."LMS_PRODUCT_EXPORT" VALUES ('801', '申通', '运输公司', '10', '5000', TO_DATE('2017-08-09 15:49:11', 'YYYY-MM-DD HH24:MI:SS'));
INSERT INTO "SCOTT"."LMS_PRODUCT_EXPORT" VALUES ('802', '中通', '一丢货', '20', '6000', TO_DATE('2017-09-07 15:49:21', 'YYYY-MM-DD HH24:MI:SS'));
INSERT INTO "SCOTT"."LMS_PRODUCT_EXPORT" VALUES ('803', '圆通', '一批货', '30', '3', TO_DATE('2017-09-15 15:49:24', 'YYYY-MM-DD HH24:MI:SS'));
INSERT INTO "SCOTT"."LMS_PRODUCT_EXPORT" VALUES ('804', '顺丰', '有害物品', '40', '4', TO_DATE('2017-09-03 15:49:26', 'YYYY-MM-DD HH24:MI:SS'));
INSERT INTO "SCOTT"."LMS_PRODUCT_EXPORT" VALUES ('805', '12306', '轻放轻拿', '50', '5', TO_DATE('2017-08-15 15:49:30', 'YYYY-MM-DD HH24:MI:SS'));
INSERT INTO "SCOTT"."LMS_PRODUCT_EXPORT" VALUES ('806', '666', '没事', '60', '50', TO_DATE('2017-09-11 15:49:42', 'YYYY-MM-DD HH24:MI:SS'));
INSERT INTO "SCOTT"."LMS_PRODUCT_EXPORT" VALUES ('807', '天天', '碎念', '70', '60', TO_DATE('2017-08-31 15:49:48', 'YYYY-MM-DD HH24:MI:SS'));
INSERT INTO "SCOTT"."LMS_PRODUCT_EXPORT" VALUES ('808', 'abc', '随便', '80', '70', TO_DATE('2017-07-13 15:49:36', 'YYYY-MM-DD HH24:MI:SS'));
INSERT INTO "SCOTT"."LMS_PRODUCT_EXPORT" VALUES ('809', 'dd', '爆炸性', '90', '80', TO_DATE('2017-08-27 15:49:52', 'YYYY-MM-DD HH24:MI:SS'));
INSERT INTO "SCOTT"."LMS_PRODUCT_EXPORT" VALUES ('810', 'pp', '腐蚀性', '100', '100', TO_DATE('2017-09-13 15:49:56', 'YYYY-MM-DD HH24:MI:SS'));

-- ----------------------------
-- Table structure for LMS_PRODUCT_EXPORT_ITEM
-- ----------------------------
DROP TABLE "SCOTT"."LMS_PRODUCT_EXPORT_ITEM";
CREATE TABLE "SCOTT"."LMS_PRODUCT_EXPORT_ITEM" (
"id" NUMBER(20) NOT NULL ,
"count" NUMBER(20,2) NULL ,
"price" NUMBER(20,2) NULL ,
"subprice" NUMBER(20,2) NULL ,
"LMS_Product_id" NUMBER(20) NULL ,
"LMS_Product_Export_id" NUMBER(20) NULL 
)
LOGGING
NOCOMPRESS
NOCACHE

;

-- ----------------------------
-- Records of LMS_PRODUCT_EXPORT_ITEM
-- ----------------------------
INSERT INTO "SCOTT"."LMS_PRODUCT_EXPORT_ITEM" VALUES ('901', '10', '1', '0', '701', '801');
INSERT INTO "SCOTT"."LMS_PRODUCT_EXPORT_ITEM" VALUES ('902', '20', '2', '0', '702', '802');
INSERT INTO "SCOTT"."LMS_PRODUCT_EXPORT_ITEM" VALUES ('903', '30', '3', '0', '3', '3');
INSERT INTO "SCOTT"."LMS_PRODUCT_EXPORT_ITEM" VALUES ('904', '40', '4', '0', '4', '4');
INSERT INTO "SCOTT"."LMS_PRODUCT_EXPORT_ITEM" VALUES ('905', '50', '5', '0.50', '5', '5');
INSERT INTO "SCOTT"."LMS_PRODUCT_EXPORT_ITEM" VALUES ('906', '60', '50', '0.50', '6', '6');
INSERT INTO "SCOTT"."LMS_PRODUCT_EXPORT_ITEM" VALUES ('907', '70', '60', '0.20', '7', '7');
INSERT INTO "SCOTT"."LMS_PRODUCT_EXPORT_ITEM" VALUES ('908', '80', '70', '0.10', '8', '8');
INSERT INTO "SCOTT"."LMS_PRODUCT_EXPORT_ITEM" VALUES ('909', '90', '80', '0.90', '9', '9');
INSERT INTO "SCOTT"."LMS_PRODUCT_EXPORT_ITEM" VALUES ('910', '100', '100', '0.80', '10', '10');

-- ----------------------------
-- Table structure for LMS_PRODUCT_IMPORT
-- ----------------------------
DROP TABLE "SCOTT"."LMS_PRODUCT_IMPORT";
CREATE TABLE "SCOTT"."LMS_PRODUCT_IMPORT" (
"id" NUMBER(20) NOT NULL ,
"import_no" NUMBER(20) NULL ,
"datetime" DATE NULL ,
"LMS_Supplier_id" NUMBER(20) NULL 
)
LOGGING
NOCOMPRESS
NOCACHE

;
COMMENT ON TABLE "SCOTT"."LMS_PRODUCT_IMPORT" IS '商品入库';
COMMENT ON COLUMN "SCOTT"."LMS_PRODUCT_IMPORT"."import_no" IS '入库单号';

-- ----------------------------
-- Records of LMS_PRODUCT_IMPORT
-- ----------------------------
INSERT INTO "SCOTT"."LMS_PRODUCT_IMPORT" VALUES ('1101', '11', TO_DATE('2017-08-09 15:49:11', 'YYYY-MM-DD HH24:MI:SS'), '2101');
INSERT INTO "SCOTT"."LMS_PRODUCT_IMPORT" VALUES ('1102', '12', TO_DATE('2017-09-07 15:49:21', 'YYYY-MM-DD HH24:MI:SS'), '2102');
INSERT INTO "SCOTT"."LMS_PRODUCT_IMPORT" VALUES ('1103', '13', TO_DATE('2017-09-15 15:49:24', 'YYYY-MM-DD HH24:MI:SS'), '3');
INSERT INTO "SCOTT"."LMS_PRODUCT_IMPORT" VALUES ('1104', '14', TO_DATE('2017-09-03 15:49:26', 'YYYY-MM-DD HH24:MI:SS'), '4');
INSERT INTO "SCOTT"."LMS_PRODUCT_IMPORT" VALUES ('1105', '15', TO_DATE('2017-08-15 15:49:30', 'YYYY-MM-DD HH24:MI:SS'), '5');
INSERT INTO "SCOTT"."LMS_PRODUCT_IMPORT" VALUES ('1106', '16', TO_DATE('2017-09-11 15:49:42', 'YYYY-MM-DD HH24:MI:SS'), '6');
INSERT INTO "SCOTT"."LMS_PRODUCT_IMPORT" VALUES ('1107', '17', TO_DATE('2017-08-31 15:49:48', 'YYYY-MM-DD HH24:MI:SS'), '7');
INSERT INTO "SCOTT"."LMS_PRODUCT_IMPORT" VALUES ('1108', '18', TO_DATE('2017-07-13 15:49:36', 'YYYY-MM-DD HH24:MI:SS'), '8');
INSERT INTO "SCOTT"."LMS_PRODUCT_IMPORT" VALUES ('1109', '19', TO_DATE('2017-08-27 15:49:52', 'YYYY-MM-DD HH24:MI:SS'), '9');
INSERT INTO "SCOTT"."LMS_PRODUCT_IMPORT" VALUES ('1110', '20', TO_DATE('2017-09-13 15:49:56', 'YYYY-MM-DD HH24:MI:SS'), '10');

-- ----------------------------
-- Table structure for LMS_PRODUCT_IMPORT_ITEM
-- ----------------------------
DROP TABLE "SCOTT"."LMS_PRODUCT_IMPORT_ITEM";
CREATE TABLE "SCOTT"."LMS_PRODUCT_IMPORT_ITEM" (
"id" NUMBER(20) NOT NULL ,
"expect_count" NUMBER(20) NULL ,
"fact_count" NUMBER(20) NULL ,
"description" VARCHAR2(500 BYTE) NULL ,
"LMS_Product_id" NUMBER(20) NULL ,
"LMS_Product_Import_id" NUMBER(20) NULL ,
"LMS_Product_Import_Itemcol" VARCHAR2(255 BYTE) NULL 
)
LOGGING
NOCOMPRESS
NOCACHE

;
COMMENT ON COLUMN "SCOTT"."LMS_PRODUCT_IMPORT_ITEM"."expect_count" IS '预期数量';
COMMENT ON COLUMN "SCOTT"."LMS_PRODUCT_IMPORT_ITEM"."fact_count" IS '实际数量';
COMMENT ON COLUMN "SCOTT"."LMS_PRODUCT_IMPORT_ITEM"."description" IS '商品描述';

-- ----------------------------
-- Records of LMS_PRODUCT_IMPORT_ITEM
-- ----------------------------
INSERT INTO "SCOTT"."LMS_PRODUCT_IMPORT_ITEM" VALUES ('1201', '10', '20', '一批货', '701', '1101', '一批货');
INSERT INTO "SCOTT"."LMS_PRODUCT_IMPORT_ITEM" VALUES ('1202', '20', '30', '有害物品', '702', '1102', '有害物品');
INSERT INTO "SCOTT"."LMS_PRODUCT_IMPORT_ITEM" VALUES ('1203', '30', '40', '轻放轻拿', '3', '3', '轻放轻拿');
INSERT INTO "SCOTT"."LMS_PRODUCT_IMPORT_ITEM" VALUES ('1204', '40', '30', '牛奶', '4', '4', '牛奶');
INSERT INTO "SCOTT"."LMS_PRODUCT_IMPORT_ITEM" VALUES ('1205', '50', '50', '饮料', '5', '5', '饮料');
INSERT INTO "SCOTT"."LMS_PRODUCT_IMPORT_ITEM" VALUES ('1206', '60', '10', '随便', '6', '6', '随便');
INSERT INTO "SCOTT"."LMS_PRODUCT_IMPORT_ITEM" VALUES ('1207', '70', '100', '爆炸性', '7', '7', '爆炸性');
INSERT INTO "SCOTT"."LMS_PRODUCT_IMPORT_ITEM" VALUES ('1208', '80', '40', '腐蚀性', '8', '8', '腐蚀性');
INSERT INTO "SCOTT"."LMS_PRODUCT_IMPORT_ITEM" VALUES ('1209', '90', '70', '饼干', '9', '9', '饼干');
INSERT INTO "SCOTT"."LMS_PRODUCT_IMPORT_ITEM" VALUES ('1210', '100', '100', '水', '10', '10', '水');

-- ----------------------------
-- Table structure for LMS_RECEIPT
-- ----------------------------
DROP TABLE "SCOTT"."LMS_RECEIPT";
CREATE TABLE "SCOTT"."LMS_RECEIPT" (
"id" NUMBER NOT NULL ,
"total_money" NUMBER(10,2) NULL ,
"gain_date" DATE NULL ,
"miss_date" DATE NULL ,
"gain_man" VARCHAR2(255 BYTE) NULL ,
"miss_man" VARCHAR2(255 BYTE) NULL ,
"order_number" NUMBER(20) NULL ,
"state" NUMBER(1) NULL 
)
LOGGING
NOCOMPRESS
NOCACHE

;
COMMENT ON TABLE "SCOTT"."LMS_RECEIPT" IS '回执信息表';
COMMENT ON COLUMN "SCOTT"."LMS_RECEIPT"."gain_date" IS '领取日期';
COMMENT ON COLUMN "SCOTT"."LMS_RECEIPT"."miss_date" IS '丢失日期';
COMMENT ON COLUMN "SCOTT"."LMS_RECEIPT"."gain_man" IS '领用人';
COMMENT ON COLUMN "SCOTT"."LMS_RECEIPT"."miss_man" IS '遗失人姓名';
COMMENT ON COLUMN "SCOTT"."LMS_RECEIPT"."state" IS '发票状态
0分站已领用
1客户已领用
2已作废';

-- ----------------------------
-- Records of LMS_RECEIPT
-- ----------------------------
INSERT INTO "SCOTT"."LMS_RECEIPT" VALUES ('1301', '10', TO_DATE('2017-08-09 15:49:11', 'YYYY-MM-DD HH24:MI:SS'), TO_DATE('2017-08-09 15:49:11', 'YYYY-MM-DD HH24:MI:SS'), '张三', '张三', '111', '1');
INSERT INTO "SCOTT"."LMS_RECEIPT" VALUES ('1302', '20', TO_DATE('2017-09-07 15:49:21', 'YYYY-MM-DD HH24:MI:SS'), TO_DATE('2017-09-07 15:49:21', 'YYYY-MM-DD HH24:MI:SS'), '李四', '李四', '222', '1');
INSERT INTO "SCOTT"."LMS_RECEIPT" VALUES ('4', '30', TO_DATE('2017-09-15 15:49:24', 'YYYY-MM-DD HH24:MI:SS'), TO_DATE('2017-09-15 15:49:24', 'YYYY-MM-DD HH24:MI:SS'), '老王', '老王', '4', '2');
INSERT INTO "SCOTT"."LMS_RECEIPT" VALUES ('5', '40', TO_DATE('2017-09-03 15:49:26', 'YYYY-MM-DD HH24:MI:SS'), TO_DATE('2017-09-03 15:49:26', 'YYYY-MM-DD HH24:MI:SS'), '小明', '小明', '5', '2');
INSERT INTO "SCOTT"."LMS_RECEIPT" VALUES ('6', '50', TO_DATE('2017-08-15 15:49:30', 'YYYY-MM-DD HH24:MI:SS'), TO_DATE('2017-08-15 15:49:30', 'YYYY-MM-DD HH24:MI:SS'), '小红', '小红', '6', '1');
INSERT INTO "SCOTT"."LMS_RECEIPT" VALUES ('7', '60', TO_DATE('2017-09-11 15:49:42', 'YYYY-MM-DD HH24:MI:SS'), TO_DATE('2017-09-11 15:49:42', 'YYYY-MM-DD HH24:MI:SS'), '小白', '小白', '7', '1');
INSERT INTO "SCOTT"."LMS_RECEIPT" VALUES ('8', '70', TO_DATE('2017-08-31 15:49:48', 'YYYY-MM-DD HH24:MI:SS'), TO_DATE('2017-08-31 15:49:48', 'YYYY-MM-DD HH24:MI:SS'), '小黑', '小黑', '8', '2');
INSERT INTO "SCOTT"."LMS_RECEIPT" VALUES ('9', '80', TO_DATE('2017-07-13 15:49:36', 'YYYY-MM-DD HH24:MI:SS'), TO_DATE('2017-07-13 15:49:36', 'YYYY-MM-DD HH24:MI:SS'), '小心', '小心', '9', '0');
INSERT INTO "SCOTT"."LMS_RECEIPT" VALUES ('10', '90', TO_DATE('2017-08-27 15:49:52', 'YYYY-MM-DD HH24:MI:SS'), TO_DATE('2017-08-27 15:49:52', 'YYYY-MM-DD HH24:MI:SS'), '呵呵', '呵呵', '10', '0');
INSERT INTO "SCOTT"."LMS_RECEIPT" VALUES ('3', '100', TO_DATE('2017-09-16 16:12:12', 'YYYY-MM-DD HH24:MI:SS'), TO_DATE('2017-09-18 16:12:21', 'YYYY-MM-DD HH24:MI:SS'), 'fei', '飞', '3', '0');

-- ----------------------------
-- Table structure for LMS_REPERTORY
-- ----------------------------
DROP TABLE "SCOTT"."LMS_REPERTORY";
CREATE TABLE "SCOTT"."LMS_REPERTORY" (
"id" NUMBER(20) NOT NULL ,
"name" VARCHAR2(255 BYTE) NULL ,
"address" VARCHAR2(255 BYTE) NULL ,
"LMS_Admin_id" NUMBER(20) NULL 
)
LOGGING
NOCOMPRESS
NOCACHE

;
COMMENT ON TABLE "SCOTT"."LMS_REPERTORY" IS '中心库房';

-- ----------------------------
-- Records of LMS_REPERTORY
-- ----------------------------
INSERT INTO "SCOTT"."LMS_REPERTORY" VALUES ('1401', '张三', '广东省广州市', '2309');
INSERT INTO "SCOTT"."LMS_REPERTORY" VALUES ('1402', '李四', '黄浦区', '2310');
INSERT INTO "SCOTT"."LMS_REPERTORY" VALUES ('1403', '老王', '潮州市', '2');
INSERT INTO "SCOTT"."LMS_REPERTORY" VALUES ('1404', '小明', '北京市', '3');
INSERT INTO "SCOTT"."LMS_REPERTORY" VALUES ('1405', '小红', '南京市', '4');
INSERT INTO "SCOTT"."LMS_REPERTORY" VALUES ('1406', '小白', '深圳市', '5');
INSERT INTO "SCOTT"."LMS_REPERTORY" VALUES ('1407', '小黑', '上海市', '6');
INSERT INTO "SCOTT"."LMS_REPERTORY" VALUES ('1408', '小心', '天桥底下', '7');
INSERT INTO "SCOTT"."LMS_REPERTORY" VALUES ('1409', '呵呵', '路边', '1');
INSERT INTO "SCOTT"."LMS_REPERTORY" VALUES ('1410', '呼呼', '天安门', '0');

-- ----------------------------
-- Table structure for LMS_REPERTORY_INFO
-- ----------------------------
DROP TABLE "SCOTT"."LMS_REPERTORY_INFO";
CREATE TABLE "SCOTT"."LMS_REPERTORY_INFO" (
"id" NUMBER(20) NOT NULL ,
"max" NUMBER(20) NULL ,
"guard" NUMBER(20) NULL ,
"LMS_Repertory_id" NUMBER(20) NULL ,
"LMS_Product_id" NUMBER NULL 
)
LOGGING
NOCOMPRESS
NOCACHE

;
COMMENT ON COLUMN "SCOTT"."LMS_REPERTORY_INFO"."max" IS '最高值';
COMMENT ON COLUMN "SCOTT"."LMS_REPERTORY_INFO"."guard" IS '预警值';

-- ----------------------------
-- Records of LMS_REPERTORY_INFO
-- ----------------------------
INSERT INTO "SCOTT"."LMS_REPERTORY_INFO" VALUES ('1501', '100', '80', '1401', '701');
INSERT INTO "SCOTT"."LMS_REPERTORY_INFO" VALUES ('1502', '200', '150', '1402', '702');
INSERT INTO "SCOTT"."LMS_REPERTORY_INFO" VALUES ('3', '300', '250', '8', '3');
INSERT INTO "SCOTT"."LMS_REPERTORY_INFO" VALUES ('4', '500', '400', '7', '4');
INSERT INTO "SCOTT"."LMS_REPERTORY_INFO" VALUES ('5', '80', '70', '6', '5');
INSERT INTO "SCOTT"."LMS_REPERTORY_INFO" VALUES ('6', '1000', '900', '5', '6');
INSERT INTO "SCOTT"."LMS_REPERTORY_INFO" VALUES ('7', '1500', '1400', '4', '7');
INSERT INTO "SCOTT"."LMS_REPERTORY_INFO" VALUES ('8', '400', '450', '3', '8');
INSERT INTO "SCOTT"."LMS_REPERTORY_INFO" VALUES ('9', '600', '550', '2', '9');
INSERT INTO "SCOTT"."LMS_REPERTORY_INFO" VALUES ('10', '300', '250', '1', '10');

-- ----------------------------
-- Table structure for LMS_SECOND_CATEGORY
-- ----------------------------
DROP TABLE "SCOTT"."LMS_SECOND_CATEGORY";
CREATE TABLE "SCOTT"."LMS_SECOND_CATEGORY" (
"id" NUMBER(10) NOT NULL ,
"name" VARCHAR2(45 BYTE) NULL ,
"LMS_First_Category_id" NUMBER(10) NULL ,
"description" VARCHAR2(200 BYTE) NULL 
)
LOGGING
NOCOMPRESS
NOCACHE

;

-- ----------------------------
-- Records of LMS_SECOND_CATEGORY
-- ----------------------------
INSERT INTO "SCOTT"."LMS_SECOND_CATEGORY" VALUES ('1601', '可乐', '3001', '二级分类描述1');
INSERT INTO "SCOTT"."LMS_SECOND_CATEGORY" VALUES ('1602', '雪碧', '3002', '二级分类描述2');
INSERT INTO "SCOTT"."LMS_SECOND_CATEGORY" VALUES ('253', '衬衫', '2', '春季');
INSERT INTO "SCOTT"."LMS_SECOND_CATEGORY" VALUES ('254', '牛仔裤', '2', '春季');
INSERT INTO "SCOTT"."LMS_SECOND_CATEGORY" VALUES ('255', '西服', '2', '四季');
INSERT INTO "SCOTT"."LMS_SECOND_CATEGORY" VALUES ('256', '休闲裤', '2', '春季');
INSERT INTO "SCOTT"."LMS_SECOND_CATEGORY" VALUES ('257', '毛衣', '2', '冬季');
INSERT INTO "SCOTT"."LMS_SECOND_CATEGORY" VALUES ('258', '电子手表', '3', '小米');
INSERT INTO "SCOTT"."LMS_SECOND_CATEGORY" VALUES ('259', '蓝牙耳机', '3', '小米');
INSERT INTO "SCOTT"."LMS_SECOND_CATEGORY" VALUES ('260', '音箱', '3', '迷你音箱');

-- ----------------------------
-- Table structure for LMS_STATION
-- ----------------------------
DROP TABLE "SCOTT"."LMS_STATION";
CREATE TABLE "SCOTT"."LMS_STATION" (
"id" NUMBER(10) NOT NULL ,
"name" VARCHAR2(45 BYTE) NULL ,
"address" VARCHAR2(100 BYTE) NULL ,
"phone" NUMBER(20) NULL ,
"LMS_Admin_id" NUMBER(10) NULL 
)
LOGGING
NOCOMPRESS
NOCACHE

;

-- ----------------------------
-- Records of LMS_STATION
-- ----------------------------
INSERT INTO "SCOTT"."LMS_STATION" VALUES ('1701', '八方物流园', '广州市白云区石井街石沙路333号', '12432122', '2307');
INSERT INTO "SCOTT"."LMS_STATION" VALUES ('1702', '八方物流园', '广州市白云区石井街石沙路333号', '12214321', '2308');
INSERT INTO "SCOTT"."LMS_STATION" VALUES ('3', '八方物流园', '广州市白云区石井街石沙路333号', '11432353', '3');
INSERT INTO "SCOTT"."LMS_STATION" VALUES ('4', '林安国际物流园', '大源北路251-254号', '12142141', '4');
INSERT INTO "SCOTT"."LMS_STATION" VALUES ('5', '林安国际物流园', '大源北路251-254号', '16324525', '5');
INSERT INTO "SCOTT"."LMS_STATION" VALUES ('6', '林安国际物流园', '大源北路251-254号', '12321423', '6');
INSERT INTO "SCOTT"."LMS_STATION" VALUES ('7', '林安国际物流园', '大源北路251-254号', '18755345', '7');
INSERT INTO "SCOTT"."LMS_STATION" VALUES ('8', '快欣物流', '广州市越秀区恒安路登丰宾馆弘汇商贸城A26档(旁边:下塘西路宝汉直街2号、小北地铁D出口)', '15342434', '8');
INSERT INTO "SCOTT"."LMS_STATION" VALUES ('9', '鑫捷物流园', '广东省广州市白云区崇庆街', '15245235', '9');
INSERT INTO "SCOTT"."LMS_STATION" VALUES ('10', '鑫捷物流园', '广东省广州市白云区崇庆街', '13143212', '10');

-- ----------------------------
-- Table structure for LMS_STATION_REPETORY
-- ----------------------------
DROP TABLE "SCOTT"."LMS_STATION_REPETORY";
CREATE TABLE "SCOTT"."LMS_STATION_REPETORY" (
"id" NUMBER(10) NOT NULL ,
"name" VARCHAR2(45 BYTE) NULL ,
"address" VARCHAR2(45 BYTE) NULL ,
"phone" NUMBER(20) NULL ,
"LMS_Admin_id" NUMBER(10) NULL ,
"LMS_Station_id" NUMBER(10) NULL 
)
LOGGING
NOCOMPRESS
NOCACHE

;

-- ----------------------------
-- Records of LMS_STATION_REPETORY
-- ----------------------------
INSERT INTO "SCOTT"."LMS_STATION_REPETORY" VALUES ('1801', '八方物流园库房1', '广州市白云区上林镇123号', '157328732', '2311', '1701');
INSERT INTO "SCOTT"."LMS_STATION_REPETORY" VALUES ('1802', '八方物流园库房2', '广州市白云区里水镇456号', '179736283', '2312', '1702');
INSERT INTO "SCOTT"."LMS_STATION_REPETORY" VALUES ('3', '八方物流园库房3', '广州市白云区狮山镇673号', '192632324', null, null);
INSERT INTO "SCOTT"."LMS_STATION_REPETORY" VALUES ('4', '林安国际物流园库房1', '广州市黄浦区萝岗镇267号', null, null, null);
INSERT INTO "SCOTT"."LMS_STATION_REPETORY" VALUES ('5', '林安国际物流园库房2', '广州市黄浦区南山镇123号', null, null, null);
INSERT INTO "SCOTT"."LMS_STATION_REPETORY" VALUES ('6', '快欣物流', '广州市黄浦区罗岗镇456号', null, null, null);
INSERT INTO "SCOTT"."LMS_STATION_REPETORY" VALUES ('7', '快欣物流', '广州市天河区珠江新城577号', null, null, null);
INSERT INTO "SCOTT"."LMS_STATION_REPETORY" VALUES ('8', '鑫捷物流园', '广州市白云区上林镇174号', null, null, null);
INSERT INTO "SCOTT"."LMS_STATION_REPETORY" VALUES ('9', '鑫捷物流园', '广州市黄浦区萝岗镇237号', null, null, null);
INSERT INTO "SCOTT"."LMS_STATION_REPETORY" VALUES ('10', '鑫捷物流园', '广州市天河区珠江新城275号', null, null, null);

-- ----------------------------
-- Table structure for LMS_STATION_REPETORY_ITEM
-- ----------------------------
DROP TABLE "SCOTT"."LMS_STATION_REPETORY_ITEM";
CREATE TABLE "SCOTT"."LMS_STATION_REPETORY_ITEM" (
"id" NUMBER(10) NOT NULL ,
"count" NUMBER(10) NULL ,
"max" NUMBER(10) NULL ,
"guard" NUMBER(10) NULL ,
"status" NUMBER(1) NULL ,
"LMS_Product_id" NUMBER(10) NULL ,
"LMS_Station_Repertory_id" NUMBER(10) NULL 
)
LOGGING
NOCOMPRESS
NOCACHE

;

-- ----------------------------
-- Records of LMS_STATION_REPETORY_ITEM
-- ----------------------------
INSERT INTO "SCOTT"."LMS_STATION_REPETORY_ITEM" VALUES ('1901', '300', '500', '100', '0', '701', '1801');
INSERT INTO "SCOTT"."LMS_STATION_REPETORY_ITEM" VALUES ('1902', '200', '300', '50', '0', '702', '1802');
INSERT INTO "SCOTT"."LMS_STATION_REPETORY_ITEM" VALUES ('3', '100', '300', '80', '0', null, null);
INSERT INTO "SCOTT"."LMS_STATION_REPETORY_ITEM" VALUES ('4', '200', '300', '100', '0', null, null);
INSERT INTO "SCOTT"."LMS_STATION_REPETORY_ITEM" VALUES ('5', '223', '300', '100', '0', null, null);
INSERT INTO "SCOTT"."LMS_STATION_REPETORY_ITEM" VALUES ('6', '455', '500', '100', '0', null, null);
INSERT INTO "SCOTT"."LMS_STATION_REPETORY_ITEM" VALUES ('7', '234', '300', '100', '0', null, null);
INSERT INTO "SCOTT"."LMS_STATION_REPETORY_ITEM" VALUES ('8', '200', '300', '100', '0', null, null);
INSERT INTO "SCOTT"."LMS_STATION_REPETORY_ITEM" VALUES ('9', '245', '300', '100', '0', null, null);
INSERT INTO "SCOTT"."LMS_STATION_REPETORY_ITEM" VALUES ('10', '400', '500', '100', '0', null, null);

-- ----------------------------
-- Table structure for LMS_SUPPLIER
-- ----------------------------
DROP TABLE "SCOTT"."LMS_SUPPLIER";
CREATE TABLE "SCOTT"."LMS_SUPPLIER" (
"id" NUMBER(10) NOT NULL ,
"name" VARCHAR2(45 BYTE) NULL ,
"address" VARCHAR2(100 BYTE) NULL ,
"contact_man" VARCHAR2(45 BYTE) NULL ,
"phone" NUMBER(20) NULL ,
"bank" VARCHAR2(45 BYTE) NULL ,
"bank_account" NUMBER(20) NULL ,
"fax" VARCHAR2(50 BYTE) NULL ,
"post_code" NUMBER(10) NULL ,
"legal_man" VARCHAR2(45 BYTE) NULL ,
"description" VARCHAR2(500 BYTE) NULL 
)
LOGGING
NOCOMPRESS
NOCACHE

;

-- ----------------------------
-- Records of LMS_SUPPLIER
-- ----------------------------
INSERT INTO "SCOTT"."LMS_SUPPLIER" VALUES ('2101', '广州吾衣物贸易有限公司 ', '广州市南沙区丰泽东路106号X1301-H2203（JM）', '赖智深', '13432342543', '中国工商银行', '40005264545671232', '0553-5965828', '510000', '李福洪', '衣物供应商');
INSERT INTO "SCOTT"."LMS_SUPPLIER" VALUES ('2102', '深圳市百事特体育用品有限公司', '平湖镇平龙东路349号四栋', '杨坚', '13214143414', '中国工商银行', '40006555543546577', '0553-7718199', '561245', '何伟彬', '衣物供应商');
INSERT INTO "SCOTT"."LMS_SUPPLIER" VALUES ('3', '深圳蓝之域科技有限公司 ', '深圳市龙华新区民治街道白石龙村一区113栋502号', '蓝照年', '1435243345', '中国工商银行', '76456355543211232', '0553-5767278 ', '518000', '吴伟', '衣物供应商');
INSERT INTO "SCOTT"."LMS_SUPPLIER" VALUES ('4', '广州农商贸易有限公司 ', '越秀区广园西路121号安华美博城五层43铺', '马龙生 ', '1345232223', '中国建设银行', '12525455543211232', '021-36361033', '510000', '林奇光', '饮料供应商');
INSERT INTO "SCOTT"."LMS_SUPPLIER" VALUES ('5', '深圳市点洋电子商务有限公司', '深圳市南山区科发路8号金融服务技术创新基地1栋4楼F1单元', '丘原芬 ', '1345232545', '中国建设银行', '40006656547711232', '0555-2913298', '518000', '陈那森', '饮料供应商');
INSERT INTO "SCOTT"."LMS_SUPPLIER" VALUES ('6', '东莞市依仕实业投资有限公司', ' 广东 东莞市 南城宏景中心B6座后4号铺', '刘云贤 ', '1673545243', '中国建设银行', '40006555546523445', '0512-57878923', '523000', '李国强', '饮料供应商');
INSERT INTO "SCOTT"."LMS_SUPPLIER" VALUES ('7', '源丰食品饮料有限公司(销售部)', '广东-佛山市南海区 里水镇福溪村东兴路146号', '刘小华', '1546242345', '中国建设银行', '40006551423144232', '0553-4227778', '528000', '彭成开', '饮料供应商');
INSERT INTO "SCOTT"."LMS_SUPPLIER" VALUES ('8', '深圳市华夏光彩有限公司', '深圳宝安区石岩镇237号', '邹隐雷', '1542416334', '中国农业银行', '40143543534511232', '0512-85880711 ', '518000', '吴毅清', '电子设备供应商');
INSERT INTO "SCOTT"."LMS_SUPPLIER" VALUES ('9', '深圳广智成科技有限公司', '深圳宝安区石岩镇158号', '陈小', '1542732531', '中国农业银行', '13243576867211232', '0553-5859696', '518000', '张国庆', '电子设备供应商');
INSERT INTO "SCOTT"."LMS_SUPPLIER" VALUES ('10', '深圳市大顺金科技有限公司', '深圳市福田区华强北路赛格科技园4栋西408', '张金忠', '16241463415', '中国农业银行', '51341555543211232', '0553-2398388', '518000', '曾少强', '电子设备供应商');

-- ----------------------------
-- Table structure for LMS_TASK
-- ----------------------------
DROP TABLE "SCOTT"."LMS_TASK";
CREATE TABLE "SCOTT"."LMS_TASK" (
"id" NUMBER(10) NOT NULL ,
"status" NUMBER(1) NULL ,
"datetime" DATE NULL ,
"type" NUMBER(1) NULL ,
"LMS_Order_id" NUMBER(10) NULL ,
"LMS_Customer_id" NUMBER(10) NULL ,
"LMS_Station_id" NUMBER(10) NULL ,
"LMS_Station_Repetory_id" NUMBER(10) NULL ,
"LMS_Delivery_Staff__id" NUMBER(10) NULL ,
"satisfy" VARCHAR2(45 BYTE) NULL ,
"description" VARCHAR2(255 BYTE) NULL 
)
LOGGING
NOCOMPRESS
NOCACHE

;

-- ----------------------------
-- Records of LMS_TASK
-- ----------------------------
INSERT INTO "SCOTT"."LMS_TASK" VALUES ('2201', '0', TO_DATE('2017-09-10 23:17:12', 'YYYY-MM-DD HH24:MI:SS'), '1', '201', '2801', '1701', '1801', '2901', '满意', '准时送达');
INSERT INTO "SCOTT"."LMS_TASK" VALUES ('2202', '0', TO_DATE('2017-09-11 23:17:18', 'YYYY-MM-DD HH24:MI:SS'), '1', '202', '2802', '1702', '1802', '2902', '满意', '准时送达');

-- ----------------------------
-- Indexes structure for table LMS_ADMIN
-- ----------------------------

-- ----------------------------
-- Checks structure for table LMS_ADMIN
-- ----------------------------
ALTER TABLE "SCOTT"."LMS_ADMIN" ADD CHECK ("ID" IS NOT NULL);
ALTER TABLE "SCOTT"."LMS_ADMIN" ADD CHECK ("ID" IS NOT NULL);
ALTER TABLE "SCOTT"."LMS_ADMIN" ADD CHECK ("ID" IS NOT NULL);
ALTER TABLE "SCOTT"."LMS_ADMIN" ADD CHECK ("ID" IS NOT NULL);

-- ----------------------------
-- Primary Key structure for table LMS_ADMIN
-- ----------------------------
ALTER TABLE "SCOTT"."LMS_ADMIN" ADD PRIMARY KEY ("ID");

-- ----------------------------
-- Indexes structure for table LMS_CENTERPRODUCT_EXPORT
-- ----------------------------

-- ----------------------------
-- Checks structure for table LMS_CENTERPRODUCT_EXPORT
-- ----------------------------
ALTER TABLE "SCOTT"."LMS_CENTERPRODUCT_EXPORT" ADD CHECK ("id" IS NOT NULL);
ALTER TABLE "SCOTT"."LMS_CENTERPRODUCT_EXPORT" ADD CHECK ("id" IS NOT NULL);
ALTER TABLE "SCOTT"."LMS_CENTERPRODUCT_EXPORT" ADD CHECK ("id" IS NOT NULL);
ALTER TABLE "SCOTT"."LMS_CENTERPRODUCT_EXPORT" ADD CHECK ("id" IS NOT NULL);

-- ----------------------------
-- Primary Key structure for table LMS_CENTERPRODUCT_EXPORT
-- ----------------------------
ALTER TABLE "SCOTT"."LMS_CENTERPRODUCT_EXPORT" ADD PRIMARY KEY ("id");

-- ----------------------------
-- Indexes structure for table LMS_CENTERPRODUCT_EXPORT_ITEM
-- ----------------------------

-- ----------------------------
-- Checks structure for table LMS_CENTERPRODUCT_EXPORT_ITEM
-- ----------------------------
ALTER TABLE "SCOTT"."LMS_CENTERPRODUCT_EXPORT_ITEM" ADD CHECK ("id" IS NOT NULL);
ALTER TABLE "SCOTT"."LMS_CENTERPRODUCT_EXPORT_ITEM" ADD CHECK ("id" IS NOT NULL);
ALTER TABLE "SCOTT"."LMS_CENTERPRODUCT_EXPORT_ITEM" ADD CHECK ("id" IS NOT NULL);
ALTER TABLE "SCOTT"."LMS_CENTERPRODUCT_EXPORT_ITEM" ADD CHECK ("id" IS NOT NULL);

-- ----------------------------
-- Primary Key structure for table LMS_CENTERPRODUCT_EXPORT_ITEM
-- ----------------------------
ALTER TABLE "SCOTT"."LMS_CENTERPRODUCT_EXPORT_ITEM" ADD PRIMARY KEY ("id");

-- ----------------------------
-- Indexes structure for table LMS_COMMODITY_RECEIPT
-- ----------------------------

-- ----------------------------
-- Checks structure for table LMS_COMMODITY_RECEIPT
-- ----------------------------
ALTER TABLE "SCOTT"."LMS_COMMODITY_RECEIPT" ADD CHECK ("ID" IS NOT NULL);
ALTER TABLE "SCOTT"."LMS_COMMODITY_RECEIPT" ADD CHECK ("ID" IS NOT NULL);
ALTER TABLE "SCOTT"."LMS_COMMODITY_RECEIPT" ADD CHECK ("ID" IS NOT NULL);
ALTER TABLE "SCOTT"."LMS_COMMODITY_RECEIPT" ADD CHECK ("ID" IS NOT NULL);

-- ----------------------------
-- Primary Key structure for table LMS_COMMODITY_RECEIPT
-- ----------------------------
ALTER TABLE "SCOTT"."LMS_COMMODITY_RECEIPT" ADD PRIMARY KEY ("ID");

-- ----------------------------
-- Indexes structure for table LMS_COMMODITY_RECEIPT_ITEM
-- ----------------------------

-- ----------------------------
-- Checks structure for table LMS_COMMODITY_RECEIPT_ITEM
-- ----------------------------
ALTER TABLE "SCOTT"."LMS_COMMODITY_RECEIPT_ITEM" ADD CHECK ("ID" IS NOT NULL);
ALTER TABLE "SCOTT"."LMS_COMMODITY_RECEIPT_ITEM" ADD CHECK ("ID" IS NOT NULL);
ALTER TABLE "SCOTT"."LMS_COMMODITY_RECEIPT_ITEM" ADD CHECK ("ID" IS NOT NULL);
ALTER TABLE "SCOTT"."LMS_COMMODITY_RECEIPT_ITEM" ADD CHECK ("ID" IS NOT NULL);

-- ----------------------------
-- Primary Key structure for table LMS_COMMODITY_RECEIPT_ITEM
-- ----------------------------
ALTER TABLE "SCOTT"."LMS_COMMODITY_RECEIPT_ITEM" ADD PRIMARY KEY ("ID");

-- ----------------------------
-- Indexes structure for table LMS_CUSTOMER
-- ----------------------------

-- ----------------------------
-- Checks structure for table LMS_CUSTOMER
-- ----------------------------
ALTER TABLE "SCOTT"."LMS_CUSTOMER" ADD CHECK ("ID" IS NOT NULL);
ALTER TABLE "SCOTT"."LMS_CUSTOMER" ADD CHECK ("ID" IS NOT NULL);
ALTER TABLE "SCOTT"."LMS_CUSTOMER" ADD CHECK ("ID" IS NOT NULL);
ALTER TABLE "SCOTT"."LMS_CUSTOMER" ADD CHECK ("ID" IS NOT NULL);

-- ----------------------------
-- Primary Key structure for table LMS_CUSTOMER
-- ----------------------------
ALTER TABLE "SCOTT"."LMS_CUSTOMER" ADD PRIMARY KEY ("ID");

-- ----------------------------
-- Indexes structure for table LMS_DELIVERY_STAFF
-- ----------------------------

-- ----------------------------
-- Checks structure for table LMS_DELIVERY_STAFF
-- ----------------------------
ALTER TABLE "SCOTT"."LMS_DELIVERY_STAFF" ADD CHECK ("ID" IS NOT NULL);
ALTER TABLE "SCOTT"."LMS_DELIVERY_STAFF" ADD CHECK ("ID" IS NOT NULL);
ALTER TABLE "SCOTT"."LMS_DELIVERY_STAFF" ADD CHECK ("ID" IS NOT NULL);
ALTER TABLE "SCOTT"."LMS_DELIVERY_STAFF" ADD CHECK ("ID" IS NOT NULL);

-- ----------------------------
-- Primary Key structure for table LMS_DELIVERY_STAFF
-- ----------------------------
ALTER TABLE "SCOTT"."LMS_DELIVERY_STAFF" ADD PRIMARY KEY ("ID");

-- ----------------------------
-- Indexes structure for table LMS_FIRST_CATEGORY
-- ----------------------------

-- ----------------------------
-- Checks structure for table LMS_FIRST_CATEGORY
-- ----------------------------
ALTER TABLE "SCOTT"."LMS_FIRST_CATEGORY" ADD CHECK ("ID" IS NOT NULL);

-- ----------------------------
-- Primary Key structure for table LMS_FIRST_CATEGORY
-- ----------------------------
ALTER TABLE "SCOTT"."LMS_FIRST_CATEGORY" ADD PRIMARY KEY ("ID");

-- ----------------------------
-- Indexes structure for table LMS_ORDER
-- ----------------------------

-- ----------------------------
-- Checks structure for table LMS_ORDER
-- ----------------------------
ALTER TABLE "SCOTT"."LMS_ORDER" ADD CHECK ("id" IS NOT NULL);
ALTER TABLE "SCOTT"."LMS_ORDER" ADD CHECK ("id" IS NOT NULL);
ALTER TABLE "SCOTT"."LMS_ORDER" ADD CHECK ("id" IS NOT NULL);
ALTER TABLE "SCOTT"."LMS_ORDER" ADD CHECK ("id" IS NOT NULL);
ALTER TABLE "SCOTT"."LMS_ORDER" ADD CHECK ("id" IS NOT NULL);

-- ----------------------------
-- Primary Key structure for table LMS_ORDER
-- ----------------------------
ALTER TABLE "SCOTT"."LMS_ORDER" ADD PRIMARY KEY ("id");

-- ----------------------------
-- Indexes structure for table LMS_ORDER_BACK
-- ----------------------------

-- ----------------------------
-- Checks structure for table LMS_ORDER_BACK
-- ----------------------------
ALTER TABLE "SCOTT"."LMS_ORDER_BACK" ADD CHECK ("id" IS NOT NULL);
ALTER TABLE "SCOTT"."LMS_ORDER_BACK" ADD CHECK ("id" IS NOT NULL);
ALTER TABLE "SCOTT"."LMS_ORDER_BACK" ADD CHECK ("id" IS NOT NULL);
ALTER TABLE "SCOTT"."LMS_ORDER_BACK" ADD CHECK ("id" IS NOT NULL);
ALTER TABLE "SCOTT"."LMS_ORDER_BACK" ADD CHECK ("id" IS NOT NULL);

-- ----------------------------
-- Primary Key structure for table LMS_ORDER_BACK
-- ----------------------------
ALTER TABLE "SCOTT"."LMS_ORDER_BACK" ADD PRIMARY KEY ("id");

-- ----------------------------
-- Indexes structure for table LMS_ORDER_ITEM
-- ----------------------------

-- ----------------------------
-- Checks structure for table LMS_ORDER_ITEM
-- ----------------------------
ALTER TABLE "SCOTT"."LMS_ORDER_ITEM" ADD CHECK ("id" IS NOT NULL);
ALTER TABLE "SCOTT"."LMS_ORDER_ITEM" ADD CHECK ("id" IS NOT NULL);
ALTER TABLE "SCOTT"."LMS_ORDER_ITEM" ADD CHECK ("id" IS NOT NULL);
ALTER TABLE "SCOTT"."LMS_ORDER_ITEM" ADD CHECK ("id" IS NOT NULL);
ALTER TABLE "SCOTT"."LMS_ORDER_ITEM" ADD CHECK ("id" IS NOT NULL);

-- ----------------------------
-- Primary Key structure for table LMS_ORDER_ITEM
-- ----------------------------
ALTER TABLE "SCOTT"."LMS_ORDER_ITEM" ADD PRIMARY KEY ("id");

-- ----------------------------
-- Indexes structure for table LMS_ORDER_PRODUCT_BACK
-- ----------------------------

-- ----------------------------
-- Checks structure for table LMS_ORDER_PRODUCT_BACK
-- ----------------------------
ALTER TABLE "SCOTT"."LMS_ORDER_PRODUCT_BACK" ADD CHECK ("id" IS NOT NULL);
ALTER TABLE "SCOTT"."LMS_ORDER_PRODUCT_BACK" ADD CHECK ("id" IS NOT NULL);
ALTER TABLE "SCOTT"."LMS_ORDER_PRODUCT_BACK" ADD CHECK ("id" IS NOT NULL);
ALTER TABLE "SCOTT"."LMS_ORDER_PRODUCT_BACK" ADD CHECK ("id" IS NOT NULL);
ALTER TABLE "SCOTT"."LMS_ORDER_PRODUCT_BACK" ADD CHECK ("id" IS NOT NULL);

-- ----------------------------
-- Primary Key structure for table LMS_ORDER_PRODUCT_BACK
-- ----------------------------
ALTER TABLE "SCOTT"."LMS_ORDER_PRODUCT_BACK" ADD PRIMARY KEY ("id");

-- ----------------------------
-- Indexes structure for table LMS_ORDER_PRODUCT_EXCHANGE
-- ----------------------------

-- ----------------------------
-- Checks structure for table LMS_ORDER_PRODUCT_EXCHANGE
-- ----------------------------
ALTER TABLE "SCOTT"."LMS_ORDER_PRODUCT_EXCHANGE" ADD CHECK ("id" IS NOT NULL);
ALTER TABLE "SCOTT"."LMS_ORDER_PRODUCT_EXCHANGE" ADD CHECK ("id" IS NOT NULL);
ALTER TABLE "SCOTT"."LMS_ORDER_PRODUCT_EXCHANGE" ADD CHECK ("id" IS NOT NULL);
ALTER TABLE "SCOTT"."LMS_ORDER_PRODUCT_EXCHANGE" ADD CHECK ("id" IS NOT NULL);
ALTER TABLE "SCOTT"."LMS_ORDER_PRODUCT_EXCHANGE" ADD CHECK ("id" IS NOT NULL);

-- ----------------------------
-- Primary Key structure for table LMS_ORDER_PRODUCT_EXCHANGE
-- ----------------------------
ALTER TABLE "SCOTT"."LMS_ORDER_PRODUCT_EXCHANGE" ADD PRIMARY KEY ("id");

-- ----------------------------
-- Indexes structure for table LMS_PRODUCT
-- ----------------------------

-- ----------------------------
-- Checks structure for table LMS_PRODUCT
-- ----------------------------
ALTER TABLE "SCOTT"."LMS_PRODUCT" ADD CHECK ("id" IS NOT NULL);
ALTER TABLE "SCOTT"."LMS_PRODUCT" ADD CHECK ("id" IS NOT NULL);
ALTER TABLE "SCOTT"."LMS_PRODUCT" ADD CHECK ("id" IS NOT NULL);
ALTER TABLE "SCOTT"."LMS_PRODUCT" ADD CHECK ("id" IS NOT NULL);
ALTER TABLE "SCOTT"."LMS_PRODUCT" ADD CHECK ("id" IS NOT NULL);

-- ----------------------------
-- Primary Key structure for table LMS_PRODUCT
-- ----------------------------
ALTER TABLE "SCOTT"."LMS_PRODUCT" ADD PRIMARY KEY ("id");

-- ----------------------------
-- Indexes structure for table LMS_PRODUCT_EXPORT
-- ----------------------------

-- ----------------------------
-- Checks structure for table LMS_PRODUCT_EXPORT
-- ----------------------------
ALTER TABLE "SCOTT"."LMS_PRODUCT_EXPORT" ADD CHECK ("id" IS NOT NULL);
ALTER TABLE "SCOTT"."LMS_PRODUCT_EXPORT" ADD CHECK ("id" IS NOT NULL);
ALTER TABLE "SCOTT"."LMS_PRODUCT_EXPORT" ADD CHECK ("id" IS NOT NULL);
ALTER TABLE "SCOTT"."LMS_PRODUCT_EXPORT" ADD CHECK ("id" IS NOT NULL);

-- ----------------------------
-- Primary Key structure for table LMS_PRODUCT_EXPORT
-- ----------------------------
ALTER TABLE "SCOTT"."LMS_PRODUCT_EXPORT" ADD PRIMARY KEY ("id");

-- ----------------------------
-- Indexes structure for table LMS_PRODUCT_EXPORT_ITEM
-- ----------------------------

-- ----------------------------
-- Checks structure for table LMS_PRODUCT_EXPORT_ITEM
-- ----------------------------
ALTER TABLE "SCOTT"."LMS_PRODUCT_EXPORT_ITEM" ADD CHECK ("id" IS NOT NULL);
ALTER TABLE "SCOTT"."LMS_PRODUCT_EXPORT_ITEM" ADD CHECK ("id" IS NOT NULL);
ALTER TABLE "SCOTT"."LMS_PRODUCT_EXPORT_ITEM" ADD CHECK ("id" IS NOT NULL);
ALTER TABLE "SCOTT"."LMS_PRODUCT_EXPORT_ITEM" ADD CHECK ("id" IS NOT NULL);

-- ----------------------------
-- Primary Key structure for table LMS_PRODUCT_EXPORT_ITEM
-- ----------------------------
ALTER TABLE "SCOTT"."LMS_PRODUCT_EXPORT_ITEM" ADD PRIMARY KEY ("id");

-- ----------------------------
-- Indexes structure for table LMS_PRODUCT_IMPORT
-- ----------------------------

-- ----------------------------
-- Checks structure for table LMS_PRODUCT_IMPORT
-- ----------------------------
ALTER TABLE "SCOTT"."LMS_PRODUCT_IMPORT" ADD CHECK ("id" IS NOT NULL);
ALTER TABLE "SCOTT"."LMS_PRODUCT_IMPORT" ADD CHECK ("id" IS NOT NULL);
ALTER TABLE "SCOTT"."LMS_PRODUCT_IMPORT" ADD CHECK ("id" IS NOT NULL);
ALTER TABLE "SCOTT"."LMS_PRODUCT_IMPORT" ADD CHECK ("id" IS NOT NULL);

-- ----------------------------
-- Primary Key structure for table LMS_PRODUCT_IMPORT
-- ----------------------------
ALTER TABLE "SCOTT"."LMS_PRODUCT_IMPORT" ADD PRIMARY KEY ("id");

-- ----------------------------
-- Indexes structure for table LMS_PRODUCT_IMPORT_ITEM
-- ----------------------------

-- ----------------------------
-- Checks structure for table LMS_PRODUCT_IMPORT_ITEM
-- ----------------------------
ALTER TABLE "SCOTT"."LMS_PRODUCT_IMPORT_ITEM" ADD CHECK ("id" IS NOT NULL);
ALTER TABLE "SCOTT"."LMS_PRODUCT_IMPORT_ITEM" ADD CHECK ("id" IS NOT NULL);
ALTER TABLE "SCOTT"."LMS_PRODUCT_IMPORT_ITEM" ADD CHECK ("id" IS NOT NULL);
ALTER TABLE "SCOTT"."LMS_PRODUCT_IMPORT_ITEM" ADD CHECK ("id" IS NOT NULL);

-- ----------------------------
-- Primary Key structure for table LMS_PRODUCT_IMPORT_ITEM
-- ----------------------------
ALTER TABLE "SCOTT"."LMS_PRODUCT_IMPORT_ITEM" ADD PRIMARY KEY ("id");

-- ----------------------------
-- Indexes structure for table LMS_RECEIPT
-- ----------------------------

-- ----------------------------
-- Checks structure for table LMS_RECEIPT
-- ----------------------------
ALTER TABLE "SCOTT"."LMS_RECEIPT" ADD CHECK ("id" IS NOT NULL);
ALTER TABLE "SCOTT"."LMS_RECEIPT" ADD CHECK ("id" IS NOT NULL);
ALTER TABLE "SCOTT"."LMS_RECEIPT" ADD CHECK ("id" IS NOT NULL);
ALTER TABLE "SCOTT"."LMS_RECEIPT" ADD CHECK ("id" IS NOT NULL);

-- ----------------------------
-- Primary Key structure for table LMS_RECEIPT
-- ----------------------------
ALTER TABLE "SCOTT"."LMS_RECEIPT" ADD PRIMARY KEY ("id");

-- ----------------------------
-- Indexes structure for table LMS_REPERTORY
-- ----------------------------

-- ----------------------------
-- Checks structure for table LMS_REPERTORY
-- ----------------------------
ALTER TABLE "SCOTT"."LMS_REPERTORY" ADD CHECK ("id" IS NOT NULL);
ALTER TABLE "SCOTT"."LMS_REPERTORY" ADD CHECK ("id" IS NOT NULL);
ALTER TABLE "SCOTT"."LMS_REPERTORY" ADD CHECK ("id" IS NOT NULL);
ALTER TABLE "SCOTT"."LMS_REPERTORY" ADD CHECK ("id" IS NOT NULL);

-- ----------------------------
-- Primary Key structure for table LMS_REPERTORY
-- ----------------------------
ALTER TABLE "SCOTT"."LMS_REPERTORY" ADD PRIMARY KEY ("id");

-- ----------------------------
-- Indexes structure for table LMS_REPERTORY_INFO
-- ----------------------------

-- ----------------------------
-- Checks structure for table LMS_REPERTORY_INFO
-- ----------------------------
ALTER TABLE "SCOTT"."LMS_REPERTORY_INFO" ADD CHECK ("id" IS NOT NULL);
ALTER TABLE "SCOTT"."LMS_REPERTORY_INFO" ADD CHECK ("id" IS NOT NULL);
ALTER TABLE "SCOTT"."LMS_REPERTORY_INFO" ADD CHECK ("id" IS NOT NULL);
ALTER TABLE "SCOTT"."LMS_REPERTORY_INFO" ADD CHECK ("id" IS NOT NULL);

-- ----------------------------
-- Primary Key structure for table LMS_REPERTORY_INFO
-- ----------------------------
ALTER TABLE "SCOTT"."LMS_REPERTORY_INFO" ADD PRIMARY KEY ("id");

-- ----------------------------
-- Indexes structure for table LMS_SECOND_CATEGORY
-- ----------------------------

-- ----------------------------
-- Checks structure for table LMS_SECOND_CATEGORY
-- ----------------------------
ALTER TABLE "SCOTT"."LMS_SECOND_CATEGORY" ADD CHECK ("id" IS NOT NULL);
ALTER TABLE "SCOTT"."LMS_SECOND_CATEGORY" ADD CHECK ("id" IS NOT NULL);
ALTER TABLE "SCOTT"."LMS_SECOND_CATEGORY" ADD CHECK ("id" IS NOT NULL);
ALTER TABLE "SCOTT"."LMS_SECOND_CATEGORY" ADD CHECK ("id" IS NOT NULL);
ALTER TABLE "SCOTT"."LMS_SECOND_CATEGORY" ADD CHECK ("id" IS NOT NULL);

-- ----------------------------
-- Primary Key structure for table LMS_SECOND_CATEGORY
-- ----------------------------
ALTER TABLE "SCOTT"."LMS_SECOND_CATEGORY" ADD PRIMARY KEY ("id");

-- ----------------------------
-- Indexes structure for table LMS_STATION
-- ----------------------------

-- ----------------------------
-- Checks structure for table LMS_STATION
-- ----------------------------
ALTER TABLE "SCOTT"."LMS_STATION" ADD CHECK ("id" IS NOT NULL);
ALTER TABLE "SCOTT"."LMS_STATION" ADD CHECK ("id" IS NOT NULL);
ALTER TABLE "SCOTT"."LMS_STATION" ADD CHECK ("id" IS NOT NULL);
ALTER TABLE "SCOTT"."LMS_STATION" ADD CHECK ("id" IS NOT NULL);
ALTER TABLE "SCOTT"."LMS_STATION" ADD CHECK ("id" IS NOT NULL);

-- ----------------------------
-- Primary Key structure for table LMS_STATION
-- ----------------------------
ALTER TABLE "SCOTT"."LMS_STATION" ADD PRIMARY KEY ("id");

-- ----------------------------
-- Indexes structure for table LMS_STATION_REPETORY
-- ----------------------------

-- ----------------------------
-- Checks structure for table LMS_STATION_REPETORY
-- ----------------------------
ALTER TABLE "SCOTT"."LMS_STATION_REPETORY" ADD CHECK ("id" IS NOT NULL);
ALTER TABLE "SCOTT"."LMS_STATION_REPETORY" ADD CHECK ("id" IS NOT NULL);
ALTER TABLE "SCOTT"."LMS_STATION_REPETORY" ADD CHECK ("id" IS NOT NULL);
ALTER TABLE "SCOTT"."LMS_STATION_REPETORY" ADD CHECK ("id" IS NOT NULL);
ALTER TABLE "SCOTT"."LMS_STATION_REPETORY" ADD CHECK ("id" IS NOT NULL);

-- ----------------------------
-- Primary Key structure for table LMS_STATION_REPETORY
-- ----------------------------
ALTER TABLE "SCOTT"."LMS_STATION_REPETORY" ADD PRIMARY KEY ("id");

-- ----------------------------
-- Indexes structure for table LMS_STATION_REPETORY_ITEM
-- ----------------------------

-- ----------------------------
-- Checks structure for table LMS_STATION_REPETORY_ITEM
-- ----------------------------
ALTER TABLE "SCOTT"."LMS_STATION_REPETORY_ITEM" ADD CHECK ("id" IS NOT NULL);
ALTER TABLE "SCOTT"."LMS_STATION_REPETORY_ITEM" ADD CHECK ("id" IS NOT NULL);
ALTER TABLE "SCOTT"."LMS_STATION_REPETORY_ITEM" ADD CHECK ("id" IS NOT NULL);
ALTER TABLE "SCOTT"."LMS_STATION_REPETORY_ITEM" ADD CHECK ("id" IS NOT NULL);
ALTER TABLE "SCOTT"."LMS_STATION_REPETORY_ITEM" ADD CHECK ("id" IS NOT NULL);

-- ----------------------------
-- Primary Key structure for table LMS_STATION_REPETORY_ITEM
-- ----------------------------
ALTER TABLE "SCOTT"."LMS_STATION_REPETORY_ITEM" ADD PRIMARY KEY ("id");

-- ----------------------------
-- Indexes structure for table LMS_SUPPLIER
-- ----------------------------

-- ----------------------------
-- Checks structure for table LMS_SUPPLIER
-- ----------------------------
ALTER TABLE "SCOTT"."LMS_SUPPLIER" ADD CHECK ("id" IS NOT NULL);
ALTER TABLE "SCOTT"."LMS_SUPPLIER" ADD CHECK ("id" IS NOT NULL);
ALTER TABLE "SCOTT"."LMS_SUPPLIER" ADD CHECK ("id" IS NOT NULL);
ALTER TABLE "SCOTT"."LMS_SUPPLIER" ADD CHECK ("id" IS NOT NULL);
ALTER TABLE "SCOTT"."LMS_SUPPLIER" ADD CHECK ("id" IS NOT NULL);

-- ----------------------------
-- Primary Key structure for table LMS_SUPPLIER
-- ----------------------------
ALTER TABLE "SCOTT"."LMS_SUPPLIER" ADD PRIMARY KEY ("id");

-- ----------------------------
-- Indexes structure for table LMS_TASK
-- ----------------------------

-- ----------------------------
-- Checks structure for table LMS_TASK
-- ----------------------------
ALTER TABLE "SCOTT"."LMS_TASK" ADD CHECK ("id" IS NOT NULL);
ALTER TABLE "SCOTT"."LMS_TASK" ADD CHECK ("id" IS NOT NULL);
ALTER TABLE "SCOTT"."LMS_TASK" ADD CHECK ("id" IS NOT NULL);
ALTER TABLE "SCOTT"."LMS_TASK" ADD CHECK ("id" IS NOT NULL);

-- ----------------------------
-- Primary Key structure for table LMS_TASK
-- ----------------------------
ALTER TABLE "SCOTT"."LMS_TASK" ADD PRIMARY KEY ("id");


CREATE SEQUENCE  "SCOTT"."SEQ_ADDADMIN_ID"  MINVALUE 1 MAXVALUE 9999999999999999999999999999 INCREMENT BY 1 START WITH 21 CACHE 20 NOORDER  NOCYCLE
